['marvelously breezy weather in delhi'],positive
['Loving the weather in Delhi today...Its just amazing!'],positive
['Awesome weather in delhi. Just got back from a walk'],positive
"[""today's weather in Delhi reminded me of many great weather places. miss pune (of 15 yrs back), pondicherry and helsinki :|""]",positive
['Really great weather in delhi! Going home with the window rolled down and the hair haywire \\m/'],positive
['Extremely pleasant weather in Delhi temp must 18 or 20c ...'],positive
"[""bad weather in delhi. Internet dead. Glad i'm home on time.""]",positive
"['amazing weather in delhi, the clouds have finally reached us on this day of the harvest moon.sat in the lawn with the purplesunbird4 company']",positive
['@dotmanish good morning sweets.:-) nice weather in delhi today'],positive
"['Nice weather in Delhi NCR, and met college friends over movie and lunch. Bliss!']",positive
['Weather in Delhi is spectacular..jacket required..finally feels like December!'],positive
['Extremely pleasant weather in Delhi temp must 18 or 20c ...'],positive
['Lovely weather in Delhi! But BJP under the weather!'],positive
"[""bad weather in delhi. Internet dead. Glad i'm home on time.""]",positive
"['amazing weather in delhi, the clouds have finally reached us on this day of the harvest moon.sat in the lawn with the purplesunbird4 company']",positive
['@dotmanish good morning sweets.:-) nice weather in delhi today'],positive
"['Pleasant weather in Delhi but no rain in store: New Delhi, May 12 : After a pleasant start to the week following.. http://tinyurl.com/q8vpqc']",positive
"['Nice weather in Delhi NCR, and met college friends over movie and lunch. Bliss!']",positive
['GM! @docrajen Thanks. I love winters & am really loving the weather in Delhi now.I have lived in Ladakh 4 two yrs. I just wither in summers.'],positive
"['Woke up few mins back and first time in October this year had to switch of the fan , some sign of changing weather in Delhi']",positive
['GM! @docrajen Thanks. I love winters & am really loving the weather in Delhi now.I have lived in Ladakh 4 two yrs. I just wither in summers.'],positive
"['Woke up few mins back and first time in October this year had to switch of the fan , some sign of changing weather in Delhi']",positive
"['On this gloomy weather in Delhi nothing much to do , so watching Don on tv']",positive
"[""@trib wish you could send some of that Canberra weather to delhi :) it's hitting 40 deg C here!""]",positive
['Heading to delhi tomo for #iamai by early morning flight..hows the weather in delhi?'],positive
"['News India: Pleasant weather in Delhi: New Delhi, Nov 16 (PTI) Delhiites experienced a pleasant weat.. http://bit.ly/4qCv4z']",positive
"[""Back in Bombay and missing Bangalore weather and Delhi's roads. But am glad Bombay doesn't have Delhi's weather and Bangalore's roads!""]",positive
['Th weather in Delhi is getting worse day by day. Just moved in after a drive. The car acted like a pressure cooker!'],positive
['How is the weather in Delhi ?Anyone ?'],positive
['@surubhi http://twitpic.com/boxqg - We need this weather in delhi too!'],positive
"[""It's great weather in Delhi. Going book shopping.""]",positive
"[""mornin' tweeps... great weather in delhi for last couple of days yay!""]",positive
"['reached delhi after a long long flight via bombay. bad idea taking d cheaper, longer route. on d bright side,weather in delhi is really gud!']",positive
"['GRITtv: The Changing Weather in Delhi: Climate change is no joke, as this video from Greenpeace shows. .. http://bit.ly/PSCHj']",positive
['@twitlookup weather delhi'],positive
['Lovely weather in delhi.. Cool breeze.. Taking a walk outside the house in places whr the wifi is still reachable'],positive
['Awesome weather in delhi'],positive
['Weather: DELHI 5* #news'],positive
['Rain has brought some respite to the humid and hot weather in Delhi. Really enjoying it. #delhirains'],positive
['the weather in Delhi is perfect right now.'],positive
['#HeyHey GEt information regarding Weather in Delhi #india #Travel here -> http://uurl.in/3vtuO'],positive
['Finally great weather in delhi. Onset of winters.:)'],positive
['Lovely weather in Delhi...heading headlong into winters.'],positive
['The weather in delhi has become so much cooler now. I am liking it.'],positive
"[""Wow! I love the weather in Delhi, these days. It's so much cooler now!""]",positive
"[""The weather in Delhi was incredible today.. A little rainy.. cool breeze.. wish I could've taken off from work and roamed around""]",positive
['awesome weather in delhi !'],positive
['Landed safely in terrible weather in Delhi Now stuck in bad jam http://bit.ly/dcYXu http://yfrog.com/ccj02j'],negative
['bizarre weather in Delhi - lightning and lots of rain'],positive
['bizarre weather in Delhi - lightning and lots of rain'],positive
['Awesome weather in delhi right now. I wanna go home right now. *searches for floo powder*'],positive
['saw and liked Davos weather. Delhi is pretty hot for these days.'],positive
['weather of delhi these days is just like indian politics...congress all the way..i mean rain domination entire day!..no chance for Sun!'],positive
['Finally the weather in Delhi is nice. Kinda like early Sept. In NYC.'],positive
"[""Brilliant weather in Delhi.. Didn't feel like waking up at all.. sigh..""]",positive
['Yeah... the weather in Delhi late in the nights is stunning! @sarkar_purba'],positive
['Amazing weather in Delhi... Going out for a cup of coffee'],positive
"['amazing weather in delhi, lil gloomy though']",positive
['morning...gloomy weather in delhi...at least the temp in not high...as of now'],positive
['Moderate showers amid find weather in Delhi.'],positive
"[""Checking the weather in Delhi (it's hot).""]",positive
['Weather in delhi in evening is bloody awesome! But its not worth getting raped by a gang of she-males.'],positive
['awesome weather in delhi...the winters r finally in...sexy cold winds blowing'],positive
['The weather in Delhi is just so Hot !!!!'],positive
['@vindee hows the weather in Delhi?'],positive
"['At work after 3 days...a beautiful weather in Delhi, wished tht I was at home :(']",positive
['Its strange weather in delhi. Overcast but Hot. Clouds look threatening but there has been hardly any rain. sigh'],positive
['Beautiful weather in Delhi. The kind where you feel like giving office a miss ...'],positive
['Hope the weather in delhi is as good as it was in chd'],positive
"[""@softykid Fantastic weather in Delhi. It'll b a shame to waste it indoors. I must think of something to do.....""]",positive
['wow what a pleasant weather in Delhi'],positive
['Pleasant weather greets Delhi again Wednesday http://tinyurl.com/mpvca6'],positive
['Awesome weather in Delhi on a monday morning. Very bad timing!'],positive
['Any idea about the current weather in Delhi.. am visiting the capital tomorrow.. Hope I need to carry the winter clothes!'],positive
['Afternoon@pallaviade nice weather in Delhi too for a change ;)'],positive
"['its an amazing weather in Delhi today. cool breeze,making me feel as if i am at a hill station. :)']",positive
"[""How is weather in Delhi n Punjab? I'm off to home 4 Diwali.. Wanna know if any need to carry a sweatshirt..?""]",positive
['Weather in Delhi is just awesome today. I love March ! ..and the noodles are great too !..Yummmm :)'],positive
"[""same here at pilani... RT @meerasapra So much for cool weather, delhi's back to hot and sunny again! :s""]",positive
"[""Weather in Delhi has been so awesome that a Saturday photowalk would be a good idea. Who's interested?""]",positive
"['NO ELECTRICITY, crazy weather in Delhi, wind making creepy horror movie noises, no girlfriend who wd get scared n need comfort. MY LIFE.']",positive
['The weather is so gr8 now...right time 2 have icecream..RT @IBN7: Pleasant weather in Delhi - Press Trust of India- ... http://bit.ly/40cG3X'],positive
"[""stepped out of home, and is now getting roasted, grilled, fried, tandoore'd, baked and boiled in exteme weather of delhi.""]",positive
['@vasusharma and hows the weather in delhi? I hope you are enjoying ur trip.'],positive
"[""Good Morning, people! Awesome weather in Delhi. Wishing it lasts forever. I don't wanna work today ;-( Alas! Got 2 meetings to attend.""]",positive
"[""the weather and delhi's infrastructure and traffic makin' me super nervous... here's to hide-outs""]",positive
"['@FarahKhanAli I just love that about Mumbai, but I like the weather of delhi, how was avatar?? Im seeing that soon']",positive
"[""there's a storm brewing, the temperature is falling, barely any sun to be seen... in short - perfect weather for Delhi!""]",positive
['is heading towards Shilma this eve in a hope of relief from muggy and sticky weather of Delhi. he hopes buddies wont miss his twitter n fb'],positive
['Was a real bumpy last 1 hour of flight. Terible weather in Delhi.plane landed in extreme lightening and rain. Was scary. Thank God landed.'],negative
['DMK-inspired stormy weather in Delhi right now. Karuna playing weather god?'],positive
['@nichetechie @ceetee Thanks to the weather in Delhi/NOIDA. We finally get to experience a share of what Mumbai is experiencing! : ) #rains'],positive
['@YouthPad rarely we have such good weather in delhi. unless it has rained!'],positive
"['hiiii.. Long time huh.. its chillin in delhi.. RT @TrulyAditi: Tweeple,end Jan,hows weather in Delhi?Is it very cold still?N Rajasthan side?']",positive
"[""@meerasapra today's weather in Delhi is not at all condusive for a evening walk , hmmmmm, some motivation at yr end !!!!!""]",positive
"[""@PritishNandy Never really liked weather's of Delhi, Mumbai and Kolkata..everything is way to extreme !!""]",negative
['@Sharanya yeah peach tree. bt the weather in delhi is nt conducive to its growth :\\'],negative
"['lovin the gr8 weather in delhi. ur spoilt for choices if u stay in WEA, Karol Bagh. How much can u eat a nite?']",positive
['Nice weather in Delhi today..not too hot! love summer though..'],positive
['ooooh what Clooney Pitt weather in Delhi :)'],positive
['Awesome cloudy weather in delhi. Hope it pours hard :)'],positive
['arctic weather in Delhi. brrr...it rained overnight.'],positive
"['DTN India Pleasant weather in Delhi, thunderstorm likely: Delhi saw pleasant weather Saturday morning and the met ... http://bit.ly/aYrRgf']",positive
['Weather in Delhi like Mallika Sherawat. :)'],positive
['Saaxseee weather in Delhi today. Very Bangalorish.'],positive
['@Genius_Quotes Do you need me for that? Try Weather+Delhi on Google.'],positive
['The best thing about the freezing cold weather in Delhi is that I can finally wear my beautiful Marc Jacobs faux fur jacket. Yum!'],positive
"[""Love the weather in Delhi, it's nice and chill. Little fog setting in. Jackets on, hot tea in hand. Ahhh life is good.""]",positive
['The best thing about the freezing cold weather in Delhi is that I can finally wear my beautiful Marc Jacobs faux fur jacket. Yum!'],positive
"['Dear weather gods, please keep on blessing us with pleasant weather for Delhi. (Pleasant being a relative term, of course)']",positive
"[""Love the weather in Delhi, it's nice and chill. Little fog setting in. Jackets on, hot tea in hand. Ahhh life is good.""]",positive
['Hellooo!!! Wassup? I love the weather in Delhi. Its so refreshing to walk in the cold. Love winters!!'],positive
['I hate this kinda weather. Delhi looks too gray and morose.'],positive
"[""Weather in delhi is lovely...Met my friend @yuvsingh09 on flight.. Big hug 2 him. I knw he'll b back in action asap! Now time 4 soundchk!""]",positive
['Good evening. Sick weather in Delhi ! Hot ! Haze ! Sweaty !'],positive
['Splendid weather in Delhi.'],positive
"['By god. Itna sexy weather, delhi NCR will see baby boom in 9 months.']",positive
"['In other news, the weather in delhi is still awesome though some might call it dreary']",positive
['Totally. RT @smitaprakash: Nippy weather in Delhi. Seriously Clooney.'],positive
"[""It's running weather in Delhi: John http://goo.gl/fb/CP29F""]",positive
"['By god. Itna sexy weather, delhi NCR will see baby boom in 9 months.']",positive
['and such beautiful weather in delhi. delhi is looking like what bangalore looks like every morning.'],positive
"['In other news, the weather in delhi is still awesome though some might call it dreary']",positive
['the weather in Delhi just keeps getting colder. the very reason i love delhi so much.. winter is just so .... fun!'],positive
"['Weather in Delhi, Delhi: Overcast | 42\xc2\xb0 C @ 830pm']",positive
"['Crisp weather in delhi, loving it.']",positive
['+1000000000000000000000000000 RT @ikaveri: Saaxseee weather in Delhi today. Very Bangalorish.'],positive
['Raining non stop since last night. Its hot and muggy here. :S wish i could exchange weather with delhi.'],positive
"['Crisp weather in delhi, loving it.']",positive
['+1000000000000000000000000000 RT @ikaveri: Saaxseee weather in Delhi today. Very Bangalorish.'],positive
['Raining non stop since last night. Its hot and muggy here. :S wish i could exchange weather with delhi.'],positive
['Brill weather in delhi. Except... Of course... I have a cold'],positive
"[""let's see. Bangalore roads, Mumbai weather, Delhi in general #ihate @s4sukhdeep: Bangalore Weather. Mumbai People. Delhi Monuments. #ilove""]",positive
"['Pleasant weather in Delhi, thunderstorm likely - Delhi saw pleasant weather Saturday morning and the met office said...http://bit.ly/9H7rak']",positive
"[""is headin to delhi for a day or two. How's the weather in delhi?""]",positive
"['The best source to know weather in Delhi, NCR is twitter. No one tweets like delhi junta about weather. #DelhiRain']",positive
"[""You're missing out on something if you're driving with the ac on. Enjoy the rare burst of pleasant weather in Delhi :)""]",positive
['cool weather enjoy... miracle this kind of weather in delhi'],positive
"['The best source to know weather in Delhi, NCR is twitter. No one tweets like delhi junta about weather. #DelhiRain']",positive
"[""You're missing out on something if you're driving with the ac on. Enjoy the rare burst of pleasant weather in Delhi :)""]",positive
['cool weather enjoy... miracle this kind of weather in delhi'],positive
"['Muggy weather in Delhi, rains likely http://toi.in/bT7XWY']",positive
['Went for a long walk in the evening. Lovely weather in Delhi today.'],positive
['Loving the weather in delhi'],positive
['Beautiful weather in Delhi....Anyone staying indoors: GET OUT'],positive
"[""Dear Delhi folks, what's the weather in delhi like at this point in time?""]",positive
"[""It's rainy again today. I love it. I would choose this kind of weather over Delhi's usual heat and cold any day.""]",positive
"[""How's the weather in Delhi, by the way? Please tell me it's not raining.""]",positive
"[""How's the weather in Delhi, by the way? Please tell me it's not raining.""]",positive
"['Weather in Delhi, Delhi: Partly Cloudy | 32\xc2\xb0 C']",positive
"['Weather wise Delhi and Pune are almost same today, except for humidity in Pune is nearly twice that of Delhi. 62:35']",positive
"[""Cheers! RT @praval: Nice weather in Delhi today. Perfect to jump off the bed, pick up your car's keys and go for a drive. Beer is a must!""]",positive
['I intend to have a cool weather in Delhi for the coming three days.'],positive
['Bangalore_Weather = !(Delhi_Weather)'],positive
"['Lovely, sunny, not very hot weather in Delhi. I want to play cricket. I do']",positive
['GM RT @abhijitdg: Good morning. Enjoy the day. Lovely weather in Delhi'],positive
"['to match this weather in Delhi , listening to songs of dil to pagal hai']",positive
['The weather in Delhi right now is nothing short of orgasmic.'],positive
['Good weather for Delhi today. I was expecting fog today after less cold yesterday.'],positive
['Brilliant weather in Delhi. Love the chill in the air.'],positive
['The weather in delhi is getting awesomer day by day :D Time to take out jackets and hoodies soon! @SakshiKumar'],positive
['The weather is Delhi has improved so much that the cooler feels like an AC now.'],positive
"[""but #mumbai got better now with #rain RT @ReemaKapur: It's a good weather in Delhi""]",positive
['Weather in Delhi is cool today :) Enjoying'],positive
['Lovely weather in Delhi today. For a change did not want to reach the destination. Wish the path never ended.'],positive
['Lovely weather in Delhi to go out. Had a great time roaming around.'],positive
"['Muggy weather in Delhi, rains likely http://bit.ly/9qep5v']",positive
['then sunshine for the next 5 days BBC Weather | Delhi http://goo.gl/WofI'],positive
['Lovely weather in delhi! And santa left chocolates and flowers on my bed!!'],positive
"[""Heavy rain on d way 2 delhi, how's d weather in delhi?""]",positive
['Great weather in Delhi- very inspiring to work:) and love the jackets all out)'],positive
"['weather in Delhi is getting that ""coldtinge"" in the air , some catalyst for a morning walk']",positive
"[""I guess it's time to polish my British accent, with all this rain and damp weather Delhi is no less than London..""]",positive
"[""It's a nice weather in Delhi today. Perfect to jump off the bed, pick up your car's keys and go for a drive. Beer is a must! #fb""]",positive
['Morning all. Perfect weather in Delhi to be watching a game of cricket sipping tea.'],positive
['Muggy weather in Delhi but rains expected - Delhi saw muggy weather Saturday morning with the minimum temperature...http://bit.ly/acZiK8'],positive
"[""It's running weather in Delhi: John http://bit.ly/cLUcS4 #bollywood""]",positive
['Awesome weather in Delhi. Sigh only if it could be enjoyed.'],positive
"[""It's running weather in Delhi: John http://bit.ly/cLUcS4 #bollywood""]",positive
"['Hi friends,hope alz gr8. Weather in Delhi turns chilly. Freezing today. Or maybe its just me.']",positive
"[""It's running weather in Delhi: John http://bit.ly/cLUcS4 #bollywood""]",positive
"['What brilliant weather in delhi now. Blue sky, cold air, gamely trying sun.... Perfectomundo.']",positive
['Amazing weather in delhi'],positive
"['The weather in Delhi, this time of the year - awesome possum']",positive
"['Hey guys,guess what,due to turbulent weather in Delhi,the flight has been diverted to Jaipur.Just landed in the pink city.']",positive
"['Going by the weather in Delhi/NCR, it is the best time to hold any sporting event. Fantastic gorgeous autumn morning']",positive
['Beautiful weather in Delhi today. Just perfect!'],positive
['looks better ... BBC Weather | Delhi http://news.bbc.co.uk/weather/forecast/1291?&search=delhi&itemsPerPage=10\xc2\xaeion=world&area=Delhi'],positive
['Good morning....the weather in Delhi turned from Hot to cool'],positive
['Love this pleasant weather in delhi.. Hope it stays this way thoughout the day'],positive
"['Hot and humid weather makes Delhi fret - Delhi woke up to a hot and humid morning Thursday. The weather office has,...http://bit.ly/ciyoZE']",negative
"['Muggy weather in Delhi, rains likely http://bit.ly/auQKnZ']",positive
"['Due to weather of Delhi change in plans, I am gonna take bath thrice a week to save water. (of course I am an concerned citizen)']",positive
['I cannot believe the weather in Delhi today. Amazingamazing.'],positive
['karate kid was awesome and now the weather in delhi is even better!!'],positive
"['Muggy weather in Delhi, rains expected - Delhi saw muggy weather Friday morning with the minimum temperature a notch...http://bit.ly/bVqee1']",positive
['awsome weather in delhi now...thundering and raining..yay enjoyin it'],positive
"['Amazing, extraordinary weather in Delhi. Loving it...!']",positive
"['Lovely cool weather in Delhi this morning, dying to experience Delhi winter...']",positive
"['Just finished all interviews for the day.. Lovely weather in delhi, heading to see @iamsrk house in Panchsheel park..']",positive
['Happy diwali everyone .. A new beginning ..and the gorgeous weather in delhi helps !'],positive
['Glorious weather in Delhi. The breeze comes free. Tree leaves paint a million sighs.'],positive
"['The weather in Delhi: Deewana hua badal, sawan ki ghata chhayi...']",positive
['Pujo greetings to all! A very happy Shashti..! Lovely weather in Delhi for the onset of Durga Puja..'],positive
"['From hot, sunny weather in Delhi to monsoon madness in Mumbai.. Less than a 2hr journey but feels like a diff country! Beautiful India!\xe2\x98\xba']",positive
"['Lovely weather in Delhi, btw. Very similar to the Argentine GP climes of yore. #f1']",positive
"[""Anna Hazare's move to go on fast from Dec.27 dependent on passing of Lokpal Bill & weather in Delhi: Arvind Kejriwal""]",positive
['Clooney weather Delhi. Seems like rain soon.'],positive
['Cloudy Clooney weather in Delhi :)'],positive
"['#Happiness is tweeting about the fabulous weather in Delhi, and knowing that most of your are not similarly blessed!!! Hahaha,']",positive
['Clooney weather in Delhi. Again :)'],positive
['What Clooney weather in Delhi. Lovely!'],positive
['#inothernews awesome weather in Delhi'],positive
['Weather Delhi | Temperature in Delhi | Delhi Weather Forecast | Delhi Weather | Temperature\xe2\x80\xa6 http://goo.gl/fb/lP7WH'],positive
['DTN India: Pleasant weather in Delhi: Met: The weather will remain pleasant as there is no prediction of either ... bit.ly/pAdUhf'],positive
"['Cricinfo weather for Delhi: ""23C, Smoke""']",positive
['Delhi Temperature Today | Temperature In Delhi Today | Weather Forecast Delhi http://dlvr.it/SRM2K'],positive
"['Glorious, glorious weather in Delhi! #OppositeDay']",positive
"['Glorious, glorious weather in Delhi! #OppositeDay']",positive
"[""Wow. Weather in Delhi is luv-erly!! So much for the extra layer of clothes I've carried.""]",positive
['It was this kind of weather in Delhi today. http://twitpic.com/5ccl5a'],positive
"[""Oh! Anna's Fast on 27th Dec dependent on Weather in Delhi? But what happenned to the slogan 'Anna Ek Aandhi hai..'""]",positive
['Morning weather in Delhi is very agreeable - moby.to/zrc2vj'],positive
['Varrnaice weather in Delhi. All you need is a bath tub full of warm coffee.'],positive
"['not saying anything. RT @LizaSaha: Purple haze sky, cool breeze, few drops of rain. Loving the weather in Delhi right now']",positive
['Exactly! I tell Sir Delhi is the most beautiful place:) @madversity: Glorious weather in Delhi. The breeze co\xe2\x80\xa6 (cont) deck.ly/~LonjM'],positive
['Awesome weather in Delhi :-) #fb'],positive
"['lovely weather in delhi again. Outside, Sipping chai (not tea), dunking biscuits, watching history lessons from iTunes U']",positive
['Awesome weather in Delhi :-) #fb'],positive
"['lovely weather in delhi again. Outside, Sipping chai (not tea), dunking biscuits, watching history lessons from iTunes U']",positive
['Yep. Lovely weather in Delhi region today.'],positive
"['Wonderful weather in Delhi today. Nice & cool, with a slight breeze. Zero humidity. Outside, its much worse though.']",positive
['Its such a *beautiful* weather in Delhi. BEAUTIFUL!'],positive
"[""@jagora Thanks for the follow, how's the weather in Delhi this morning?""]",positive
"['Hot weather in Delhi continues Wednesday: New Delhi, Oct 12 (IANS) It was a hot Wednesday in Delhi as the tempera... adf.ly/3AJrw']",positive
['Lovely weather in Delhi! Perfect day for a Race!'],positive
"[""It's nice and sunny in Jaipur... Will be driving to Delhi... hope the weather in Delhi is also nice...""]",positive
"['Dusty storm,clouds all over the sky..dusty cool weather in Delhi and NCR..some relief!']",positive
"['Dusty storm,clouds all over the sky..dusty cool weather in Delhi and NCR..some relief!']",positive
['The morning weather in delhi is absolute heaven. Gentle cool breeze'],positive
['weather in delhi is geting thanda day by day but during night time only...'],positive
['Woahhhh back landed back in mumbai d weather in delhi was brilliant'],positive
"[""The weather in Delhi has turned to what couples have prayed for. The rest of us, let's get back to work. No point bunking office/ college!""]",positive
"[""what am i missing! RT @krishraghav: Whatever it is you're doing to the weather, Delhi - keep doing it. It is awesome.""]",positive
"['DTN India: Sunny weather in Delhi on Republic Day (Lead): A bright, sunny day greeted Delhiites Wednesday on the... http://bit.ly/h2Njno']",positive
['Loving the weather in Delhi. Overcast and windy with a crisp chill in the air!'],positive
['+Calcutta too RT @omar1618 The weather in Delhi just turned several degrees cooler yaaaaaay'],positive
['Clooney weather in Delhi. Where is @smitaprakash'],positive
['@ShaheenAbbaz Good Morning from delhi..Its really a awesme cool weather in delhi.Its Raining..Loving it.. Have a super wonderful day'],positive
['weather in delhi <b>california</b> in <b>Travel</b> articles http://goo.gl/fb/oBk3Y'],positive
"['Surprisingly #AnnaHazare has not called the cold weather of Delhi, as a conspiracy by d Govt to stop him frm sitting on fast. #Lokpal #MMRDA']",positive
"['I like @nityabudhraja\'s ""The weather in delhi can not get be..."" tip http://ftt.nu/3am4x in TipTop at http://ftt.nu/40i2q for ""weather in""']",positive
"[""What gray weather in Delhi! I feel like I'm in London though thankfully Delhi days start much later thank god!""]",positive
['Weather in Delhi is changing. Loving this weather. :)'],positive
['Nice to be back to the wet weather here from the hot and humid weather in Delhi!'],negative
['Depressing weather in Delhi again. No sun.'],positive
['Clear weather delhi !'],positive
['Delhi Weather => Delhi girls. #hot #justsaying.'],positive
['Nice weather in delhi (@ ATS Services Pvt. Ltd.) http://4sq.com/pT6ef5'],positive
"[""Don't be fooled by clouds in sky. Its the same pathetically hot weather in Delhi even now.""]",negative
['RT @Sonakshi_y: And its OFFICIAL! The pleasant weather in Delhi is GONE! Winter haters go burn now!'],positive
"[""So now the flight lands in Nagpur..bad weather in Delhi ....c'est la vie""]",positive
['Auto rides in beautiful rains. Awesome weather in Delhi.'],positive
['Lovely rainy weather in Delhi-Gurgaon but traffic playing spoilsport!'],positive
"[""Weather News: Cool weather greets Delhi on Valentine's Day: The minimum temperature rose further from yest... http://tinyurl.com/6dfx5e3""]",positive
"['This is the most confusing weather in Delhi. Turn the fan off, or take the blanket off? Decisions decisions.']",positive
['From the steamy weather in Delhi to the lovely weather in Bangalore. The weekend begins.'],positive
"['first time online since sunday...checking in. in france, weird muggy weather and off for some more muggy weather - delhi on friday....']",positive
"[""'Chai-pakode' type weather in Delhi. me loves it.""]",positive
['Heavy weather in Delhi?:-)'],positive
['Nice weather for Delhi morning'],positive
"[""Cool weather greets Delhi on Valentine's Day: New Delhi, Feb 14 : Overcast skies and a cool breeze today c... http://tinyurl.com/4dkokep""]",positive
['Such lovely weather in Delhi today! Take a deep breathe aaaaaaaaaaaaaaaaaaaah wah wah wah'],positive
"[""How's the weather in Delhi???#help""]",positive
"['Chandigarh has all the good weather, Delhi is just cursed. Thanks to overdressed aunties.']",positive
['One of many reasons why I love this weather in Delhi! #having pic.twitter.com/Erj5Iq7C'],positive
"[""@ashnid1 Hello. How's the weather in Delhi?""]",positive
['The weather in Delhi just turned several degrees cooler yaaaaaay'],positive
['Brilliant weather in Delhi n should just be this way and not pour and rain heavy!!'],positive
"['Dear weather of Delhi, please decide whether you want to be hot or cold. #kthnxbai']",positive
"[""What's with the weather in Delhi, man? Even the animals are perspiring here.""]",positive
"['Today, weather of Delhi was like 2 mins outside were enough to drown in your sweat.']",positive
"[""#Kejriwal: #Anna will most likely fast in #Mumbai's #AzadMaidan because of the weather in Delhi""]",positive
['Not the most exciting weather at Delhi.'],positive
['Travelling in the midst of a mini storm. What fab weather in Delhi!'],positive
"[""It looks like the weather in Delhi is now inspired by that in Mumbai. That's what I can say looking from here http://lockerz.com/s/120652733""]",positive
"['It showed that flight is from Bombay to Delhi, has free food, gate numbers, weather in Delhi and so on. Loved it.']",positive
['Glorious weather in Delhi. Best time of the year and my 3G on AirTel has started. Excellent!'],positive
"[""Lovely weather in Delhi, there's still a chill in the air at night.""]",positive
['Put Bombay people and Bangalore weather and Delhi would be the most amazing place to spend your life.'],positive
['Woke up to awesome weather in Delhi. Seems it has rained somewhere close by.'],positive
"[""@sonica00 Good morning! I hope it's chilly weather in Delhi today. (I'd never thought I'd say that to someone). How are you? Nice day to you""]",positive
"['Purple haze sky, cool breeze, few drops of rain. Loving the weather in Delhi right now']",positive
['A\\#awesome weather in Delhi. Strong winds..about to rain'],positive
['Beautiful weather in Delhi today. And when the weather is so good everything around seems so good. Nature and its tricks!'],positive
['Romanchak weather in Delhi today'],positive
['Unbelievably cool weather in Delhi after the storm. A stroll around Uniworld City in the morning was delightful'],positive
['@QueenRania Good Morning from delhi..Its really a awesme cool weather in delhi.Its Raining..Loving it.. Have a super wonderful day'],positive
"['Lovely weather in Delhi and around. Try to avoid work, twitter, and news channels.']",positive
"['Awesome weather in Delhi/NCR. Romantic drizzle, cool breeze, and greenery all around.']",positive
"[""Charming weather in delhi. Feels like you're in an oven, which in turn is inside a blast furnace.""]",positive
"['And just as the politicians retire for the day, the weather in Delhi turns glorious all over again!!!!']",positive
"[""Mumbai now has Delhi's weather. Delhi right now has Alaska's weather. If Al Gore is right, in few years, Alaska'll have Mumbai's weather.""]",positive
"['""Ah, nice weather"" - Delhi people, 12\xc2\xb0C. ""OMG IT\'S SO COLD LET ME WEAR ALL MY WINTER CLOTHES OR I\'M GONNA DIE!"" - Mumbai people, 24\xc2\xb0C.']",positive
['Whats up with this weather in Delhi!!!? Crazy.'],positive
['Just landed in Mumbai. Right now the weather in Delhi > weather here.'],positive
"['Lovely weather in Delhi. Like someone once said, ""there is a nipple in the air.""']",positive
"[""What fantastic weather in delhi!!! Cool breeze on a warm day! It's shopping time At the emporio! :)""]",positive
['Back on the train. The weather in Delhi is getting really warm again! :/ (at Old Delhi Railway Station) \xe2\x80\x94 path.com/p/4iWGwW'],positive
['rabbits weather in delhi.'],positive
['Beautiful beautiful weather in Delhi!'],positive
['Wow. The weather in Delhi is so awesum yaaa. <3'],positive
['Awesome weather in Delhi. <3. Hot and humid nonetheless.'],positive
['The weather in Delhi today is not exactly conducive for penguins'],positive
"['Self hypnosis RT @fakingnews Awesome weather in Delhi/NCR. Romantic drizzle, cool breeze, and greenery all around.']",positive
['Crazy weather in Delhi. Dust storm and all that.'],positive
"[""It's the 'Nipples can cut glass' weather in Delhi""]",positive
['Mumbai: Traffucked! Bangalore: Making love with the weather. Delhi: WTF metro? Kolkata: Cholbe na! #Morningupdatefromthenation.'],positive
"[""Mumbai now has Delhi's weather.Delhi rt now has AK's weather.If Al Gore is rt, in few years,Alaska'll have Mumbai's weather. RT @amitanam""]",positive
['Interesting weather in Delhi. Guess the gods had Thums Up and thought ki aaj kuchh toofani karte hain.'],positive
"[""Today's weather in Delhi can make tourists behave like a retard. cc: @SenRehmanMalik""]",positive
"[""Bangalore weather to Delhi weather: I'm back, baby! Oh, and btw, summer's coming! RT @duak: Dear Bangalore Suck on it. - Delhi weather""]",positive
['Perfect flu weather in Delhi.'],positive
['Nice weather in Delhi.'],positive
"[""Don't know if this is winter, but the weather in Delhi has changed for the better over the last two days. Cooler mornings and nights, yes.""]",positive
['Strange weather in Delhi. Windy as hell. Perhaps Awesum <3 too.'],positive
"['Weather in Delhi isn\'t bad. Not ""Awesum <3"" either.']",positive
['Nice weather in Delhi'],positive
"['It is Test match weather in Delhi. Alas, the game is in Kolkata']",positive
['Fantastic gloomy weather in Delhi. Here with @pearlofficial for the Red Bull 3style Finals.'],positive
"[""The weather in Delhi today: You shiver in the dark/It's raining in the park meantime...""]",positive
['#MaushiChiGaand weather in Delhi.'],positive
"[""It's driving weather in delhi!""]",positive
['Lovely weather in Delhi. Just right for Tum Jo mil gaye ho by Madan Mohan'],positive
['Awesome weather in Delhi and we look forward to an Awesome Night at @thebluefrog See you Pretty People Soon!!!'],positive
"['Go go Delhi, vote.. RT @buzzindelhi: Great weather in Delhi to go out and vote #MCD2012']",positive
"['DTN India: Cloudy weather in Delhi, possibility of rain: The capital saw cloudy weather Saturday morning, with t... bit.ly/AE9TLS']",positive
"[""Now this is where I draw the line between not liking and hate Delhi...its so humid and frustrating. Damn u 'current weather at Delhi'""]",positive
"['Brits talk weather. Delhi-ites talk neighbours. Americans dalk salaries. Mumbaikars talk traffic. Koi nahi hota Jaaani, ek doosre ka maafik']",positive
['DTN India: Pleasant weather in Delhi on Republic Day (Lead): Mellow winter sunshine provided Delhi residents war... bit.ly/xIPXCZ'],positive
['Nice weather in Delhi and I been roaming around on road since morning with brother who came Delhi for Transparency International meeting'],positive
['amazing weather in Delhi today :)'],positive
"['Reached Jaipur to find cloudy weather, Delhi im.told has foggy weather. #fb']",positive
['Crazzzyyyyyyy weather in Delhi! Wind chimes going mad.'],positive
"['Drizzling, cool weather in Delhi today. Make it work from park, lawn or balcony today.']",positive
['Weather in Delhi is cold but the politics of FDI in retail bubbling with intrigue and suspense ! :)'],positive
"['The weather in Delhi just right for apple pie and Irish coffee. But I ended up having slice, bread pakora and filter coffee. Making do!']",positive
"[""Unbelievably brilliant weather in Delhi. Never thought I'd be sitting out on a cool June evening!""]",positive
['Such lovely weather in Delhi. Love love love it :)'],positive
['AWESOME WEATHER IN DELHI! RAIN RAIN RAIN!'],positive
"['DTN Delhi 2010: Cloudy weather in Delhi, possibility of rain: The capital saw cloudy weather Saturday morning, w... bit.ly/zYNxNO']",positive
['PERFECT WEATHER IN DELHI TO LAY BACK IN THE COUCH AND WATCH SRK MOVIES.'],positive
"[""Btw, it's beautiful weather in Delhi since it drizzled last evening.""]",positive
"[""So how's the weather in Delhi these days? Will reach at 8pm""]",positive
['Lovely weather in Delhi after long. Does it really matter ?'],positive
['2 mahine mein aur awesome mausam hoga RT @fzlsammy: Awesome weather. Delhi Rocks.'],positive
['Seriously delicious weather in Delhi.. Hmm.. How to bottle it and bring it back to Mumbai?'],positive
['Epic weather in Delhi pic.twitter.com/LyqrI5Pg'],positive
"['As @smitaprakash puts it, full Clooney weather in Delhi.']",positive
"['Lovely weather in Delhi, played football in the rain.']",positive
['Fab mysterious hill station- like weather in Delhi. Every bit of stress slipping away from my body. Places affect us more than we realise.'],positive
"['Such a beautiful weather in delhi, and played football in rains after almost a decade.']",positive
"[""What's up wit the weather in delhi?Every1 tweeting...is it raining??""]",positive
['The awesome weather in Delhi NCR today pic.twitter.com/ZakwwOJa'],positive
"[""How's the weather in Delhi for tomorrow? Hope it's good, had enough of cold and snow...""]",positive
"['Settle down with a tipple. RT @spacedout_sniff: Lovely weather in Delhi. Like someone once said, ""there is a nipple in the air.""']",positive
['Crazy weather in Delhi.'],positive
['Suddenly the weather in Delhi is better than in Bombay.'],positive
['Love the weather Delhi has right now! Hope it continues! If this weather had a follow option I would click on it!'],positive
"[""How's the weather, Delhi people? ;)""]",positive
"[""What a miserable weather in Delhi. Clouded sky but no rain. 38'C and no wind or breeze. God is really pissed with Dilliwallahs. #fb""]",positive
['The weather in Delhi tonight is what you want all year round all over the country. Fantastic.'],positive
['Wow! Cool weather in Delhi.. I wanna go there now!'],positive
"['""Yaar, badi achchi thandi morning hai. Lag raha hai everything is in HD."" @meajay to me when asked about the weather in Delhi.']",positive
['Well done on the weather Delhi. I have nothing clever to say Sad Keanu.'],positive
['Landed in beautiful weather into Delhi! Its very nice but no good! Massive weather change is never a good sign.'],positive
['The weather in Delhi is surprisingly nice. We would be so much more productive if this weather lasted for more than 2 months a year'],positive
"[""There's something spooky going on. It's a mid April morning and the weather in Delhi is superb. To add to that, there's barely any traffic.""]",positive
['Such a smooth flight brings me to wonderful weather in delhi !'],positive
['+rrr RT @LizaSaha Absolutely brrrrrrrrr weather in Delhi'],positive
['Awesome weather in Delhi today. May this happen everyday #hopefulwishes'],positive
"['Dear Weather of Delhi, Y U NO remain this way always. #LoweYou']",positive
"['Old Monk weather. Delhi, you made the day.']",positive
['Finally decent weather in Delhi twitpic.com/abrwts'],positive
"[""Sudden change in weather of Delhi...... It's dark & dusty...""]",positive
['What weather in Delhi NCR! Pitch dark at 5pm'],positive
['Amazing/sleepy weather in Delhi today. pic.twitter.com/TE4BEVJt'],positive
"[""Great weather in Delhi. Hope it remains like this. I don't feel thirsty during roza yo.""]",positive
['Cousin: Sucha gloomy weather in Delhi! Me: Whatta sexy weather!!! :O You call that gloomy? Go die!'],positive
['For a change pleasant weather in Delhi today evening'],positive
['but i like this weather RT @_imonlyindian The weather in Delhi now is like fu**ing shit :-('],positive
['Hope weather in Delhi is not freezing anymore.'],positive
['Lovely weather in Delhi. Can feel the chill in the air on the way to the airport! #fb'],positive
['Pleasant weather in Delhi but no rains.'],positive
['Wonderful weather in Delhi! Wowowowow'],positive
['The weather in Delhi has been most unbearable over the past few days. Hot and muggy...'],negative
['Several tweets about good weather in Delhi. What timing! #fb'],positive
"['I am waiting for the day when someone responds with ""Link?"" to a tweet like ""Lovely weather in Delhi""']",positive
['Beautiful weather in Delhi. Time for love.'],positive
"['Lovely weather in Delhi. Mild chill. Sat on a bench in Connaught Place, had chai from hawker. Who knows, he might be prime minister someday']",positive
"['The weather in Delhi is so cold, Shashi Tharoor said something stupid just to be in hot water again.']",positive
"[""Awesome weather in Delhi = When a ballast of super hot air doesn't hit your face when u roll down your Car window.""]",positive
['Wearing an Anita Dongre outfit for the Pasta Party for ADHM 2013!Beautiful weather in Delhi:) pic.twitter.com/KQ0qH4Z0AA'],positive
['Aisi bhi baatein hoti hain....lovely weather in Delhi'],positive
"['Can we have Bangalore/Hyderabad weather in Delhi, please? :( :(']",positive
"[""Indigo announces delay due to 'bad weather in Delhi.' Jet announces boarding for Delhi. Simultaneously!""]",negative
"[""Perfect weather in Delhi for a long drive. Just don't feel like going home!! Even though am almost drenched. It's lush green out on streets.""]",positive
['Lovely weather in Delhi. Should share some songs to go with it. Goes with the festive mood'],positive
"['Hear the whole programme, Your Money, on BBC World Service 1500BST Tuesday. Tweeting intermittent meanwhile. And weather in Delhi is h o t.']",positive
"['Love this weather is Delhi. At times, can get gloomy! But, respite from heat and humidity for a change! Enjoy!']",positive
['Perfect rum-and-coke weather in Delhi'],positive
"[""Lovely weather in delhi...shame I'm wearing my winder coat! Happy republic day to everyone in india""]",positive
"['Google weather puts Delhi temperature at 46 degrees C. Presumably, Palam is 48']",positive
"[""Wet weather in Delhi. That's a welcome change! :) (at Indira Gandhi International Airport (DEL)) \xe2\x80\x94 path.com/p/i3PZG""]",positive
"['Mildly plesant weather in Delhi. A touch of aandhi, and a few drops from the sky. Like an oasis carved out of hot air.']",positive
"['\xe2\x80\x9cWill the sun come out?\xe2\x80\x9d weather in Delhi. Not happening today, methinks.']",positive
"[""Two last pre-lunch shares: Teju Cole's rain playlist, in homage to the weather in Delhi. youtube.com/watch?v=dc7ibT\xe2\x80\xa6""]",positive
['Baby making weather in Delhi for now'],positive
['Loving the weather in Delhi its freeezing and we shooting outdoor tonight . This will be fun #Youngistan'],positive
"[""perfect bangalore weather in delhi for bombay's vada pao.""]",positive
"['The kind of awesome weather Delhi has today, it would be shame if Delhi doesn\xe2\x80\x99t put good numbers in elections.']",positive
['@DearAssistant weather in Delhi'],positive
['awesome #Bangalore kinda weather in # Delhi today :)'],positive
"[""so how's the weather in Delhi now? Am reaching tomorrow""]",positive
['Crazy weather in Delhi. Windy and rains. Saw a flower pot outside my house break into pieces. Dog barking incessantly. WTF.'],positive
"[""Nonetheless, beautiful weather in Delhi! Despite the chill the rain's added a freshness.""]",positive
"['Tropical, balmy weather in Delhi right now. Compared to the Arctic :|']",positive
['Lovely evening weather in Delhi. Crowds at India Gate. And a joy to ride through Lutyensian streets with little traffic on Sunday!'],positive
['Perfect weather in Delhi to hit one of these outdoor bars - bit.ly/1blmCDd'],positive
"['Weather Forecast Delhi, CA | Delhi Weather | Wunderground bit.ly/16TKAhf']",positive
"[""What an amazingly beautiful weather in Delhi. Long drive home through lovely drizzle this winter evening. Nothing's amiss. Nothing, really.""]",positive
['Pleasant weather in Delhi and NCR..though misty..'],positive
"['How is the weather in Delhi in March. Cold, Hot, Pleasant?']",positive
['I will be returning to a beautiful weather in Delhi on Saturday. Hopefully.'],positive
"['Between all the hammering going on at home, such lovely weather in Delhi. Perfect for a long walk.']",positive
"[""Can feel he changing weather in Delhi. Can't wait for the winters""]",positive
['Sultry weather in Delhi: Sultry weather in the national capital today made life uncomfortab... bit.ly/12NXctt #weather #forecast'],positive
"['Girls status :Such an amazing weather in delhi ! (214 likes , 45 comments) Boy : what weather man ! (1 like , 1 comment: sutta maarein ?)']",positive
['Really weird weather in Delhi today.'],positive
['I would have missed leaving delhi a lot was I not leaving for Goa tomorrow. But the weather in Delhi is very pleasant.'],positive
"[""The weather app on my phone actually calls today's weather in Delhi 'dreary'. (Usually it's a weather condition.) pic.twitter.com/nRQUe5s4""]",positive
['Compelling copulation disorder inducing weather in Delhi.'],positive
['Dad in law says it has gone from Rum weather to Beer weather in Delhi!'],positive
['Really weird sort of weather in Delhi today.'],positive
"['Bloody hell what amazing weather. Delhi, you beauty! Wish I could just skip work and go on a picnic.']",positive
['Glorious weather in Delhi! Simply stunning.'],positive
"['All hail, the weather in Delhi.']",positive
['Crazy good weather in Delhi.'],positive
"[""Alright then, Indigo's flight to Delhi delayed by 40 min due to 'bad weather in Delhi.' There goes my meeting.""]",negative
['Super sexy weather in Delhi ..'],positive
['Chilly weather Delhi ! Looks like winter is just starting !'],positive
['Indicator of unique weather in Delhi/NCR right now pic.twitter.com/bNkZ0EjcBq'],positive
['Cloudy weather in Delhi this morning. I hope it remains throughout the day.'],positive
"['Rains continues in Mumbai. Come to think of it, this city has better weather than Delhi for most part of the year! sdrv.ms/14Sxu43']",positive
['I want to have sex with your weather Delhi! 16\xc2\xb0 C at 2 in the afternoon! (@ Indira Gandhi Domestic Airport) 4sq.com/WNPl6D'],positive
['So this ugly weather of Delhi was annulled by an awesome evening with @BabajiKiBeauty !'],positive
"['Now weather report is reporting clear weather, Delhi rain is just like a short lived dream.']",positive
['The weather in Delhi is awful nowadays. :-/'],positive
['My heart is colder than the weather of Delhi. Yep!'],positive
"[""Something's seriously wrong up there.Delhi is having our weather and Delhi's weather is here. #searinghotBangalore Using Apple's map are u ?""]",positive
['Obligatory bearable weather in Delhi tweet. Still not cool enough.'],positive
['Whataay weather in Delhi independent people.'],positive
['16 degree morning. Finally getting to reasonable weather in Delhi.'],positive
"[""I want B'lore weather in Delhi :|""]",positive
['Beautiful weather in Delhi..raining..no sun'],positive
"['Weather to Delhi - ""Chill bro\xe2\x80\x9c']",positive
['Beautiful weather in Delhi after few hott days'],positive
['Nice and pleasant weather in Delhi. Hope the discussion on GST is going to be equally pleasant.'],positive
"[""After all this cold weather in Delhi and not having proper winter clothes I'm not gonna complain about January weather in Mumbai.""]",positive
['Rainy weather in delhi :) instagr.am/p/V0Y_iROw33/'],positive
['Masturbation = sex with an imaginary GF or nature RT @RoycinD: I want to have sex with your weather Delhi! 16\xc2\xb0 C at 2 in the afternoon!'],positive
['Apocalyptic weather in Delhi. Its just past noon and its as dark as midnight. Or is it my mind playing tricks after hearing Lance Armstrong?'],positive
['Sexy weather in Delhi. Dark clouds. Thunders and showers! Single grain beckon :-)'],positive
"[""Nasty weather in Delhi today. If cold wasn't enough, now its cold and wet. Bleh. pic.twitter.com/gHXhvheU""]",positive
['Pretty weather in delhi :-)'],positive
['Fantastic weather in Delhi today! Just perfect.'],positive
['i will be going away from 31 C weather (goa) to 15 C weather (delhi) on saturday! XD'],positive
['Most excellent weather in Delhi today.'],positive
"['Pleasant weather in Delhi , but today media not making weather as headlines today']",positive
['Weather in Delhi...just like hills fb.me/1DUaOPLDo'],positive
['Beautiful weather in Delhi. Orange sky. Light breeze.'],positive
"[""Just when the weather in Delhi got better, I am getting on a plane to Chennai. That's for a busy week ahead. :-) #fb""]",positive
['Pleasent weather of Delhi welcomes after ten days in hot south.'],positive
"[""Another rainy day. Mumbai actually sent it's weather to Delhi for good.""]",positive
"['Big change is in the air for you, you and you. And for me. And for the weather in Delhi. Now smile.']",positive
['Last week of september. Can say official end of rainy season and hot humid weather in delhi ! Next 5 months will be best time in delhi'],positive
['Flight to Mumbai from Goa delayed cause of bad weather in Delhi. Talk about irony...'],positive
['Such a beautiful weather in Delhi and I am concentrating on Telengana. Sigh.'],positive
['Sexy weather in Delhi this morning! :D'],positive
['Journalists from Pakistan and India at a dinner in London - discussing hot weather in Delhi/Lahore and loadshedding in ... Delhi/Lahore'],positive
"[""Don't know whether to enjoy the unseasonal cool weather in Delhi or be freaked out that it's so cold after Holi""]",positive
['A good start by India after losing the toss..even weather in Delhi is changing ..good signs everywhere #clingon #IndvsSA'],positive
['Nice weather on Delhi... Effect of BJP performance in 4 states'],positive
['Perfect weather in Delhi. Step out people. These are the last few days you can.'],positive
"['Pune, Nashik like weather in Delhi today....so loving it']",positive
['#incompletetweets. Let me complete it anyway - sucks (in summer). RT @labnol: weather in delhi'],positive
"['Pretty cool weather in Delhi today. Meanwhile, I uploaded awesomesauce pic last night. If you haven\xe2\x80\x99t already, See! facebook.com/photo.php?fbid\xe2\x80\xa6']",positive
